game_number,name,space,color,turns,winner,player_number
0,PLAYER 1,100,green,4,1,1
0,PLAYER 2,59,red,3,0,2
1,PLAYER 1,109,green,6,1,1
1,PLAYER 2,87,red,5,0,2
2,PLAYER 1,103,green,3,1,1
2,PLAYER 2,46,red,2,0,2
3,PLAYER 1,98,green,4,0,1
3,PLAYER 2,117,red,4,1,2
4,PLAYER 1,103,green,4,1,1
4,PLAYER 2,94,red,3,0,2
5,PLAYER 1,105,green,3,1,1
5,PLAYER 2,64,red,2,0,2
6,PLAYER 1,103,green,4,1,1
6,PLAYER 2,65,red,3,0,2
7,PLAYER 1,105,green,4,1,1
7,PLAYER 2,82,red,3,0,2
8,PLAYER 1,105,green,4,1,1
8,PLAYER 2,98,red,3,0,2
9,PLAYER 1,104,green,5,1,1
9,PLAYER 2,72,red,4,0,2
10,PLAYER 1,101,green,4,1,1
10,PLAYER 2,55,red,3,0,2
11,PLAYER 1,77,green,3,0,1
11,PLAYER 2,102,red,3,1,2
12,PLAYER 1,96,green,5,0,1
12,PLAYER 2,105,red,5,1,2
13,PLAYER 1,95,green,3,0,1
13,PLAYER 2,107,red,3,1,2
14,PLAYER 1,113,green,4,1,1
14,PLAYER 2,92,red,3,0,2
15,PLAYER 1,98,green,4,0,1
15,PLAYER 2,114,red,4,1,2
16,PLAYER 1,127,green,5,1,1
16,PLAYER 2,98,red,4,0,2
17,PLAYER 1,115,green,3,1,1
17,PLAYER 2,46,red,2,0,2
18,PLAYER 1,119,green,5,1,1
18,PLAYER 2,81,red,4,0,2
19,PLAYER 1,94,green,5,0,1
19,PLAYER 2,114,red,5,1,2
20,PLAYER 1,103,green,4,1,1
20,PLAYER 2,95,red,3,0,2
21,PLAYER 1,101,green,3,1,1
21,PLAYER 2,44,red,2,0,2
22,PLAYER 1,96,green,4,0,1
22,PLAYER 2,101,red,4,1,2
23,PLAYER 1,87,green,4,0,1
23,PLAYER 2,103,red,4,1,2
24,PLAYER 1,104,green,5,1,1
24,PLAYER 2,99,red,4,0,2
25,PLAYER 1,105,green,3,1,1
25,PLAYER 2,36,red,2,0,2
26,PLAYER 1,102,green,5,1,1
26,PLAYER 2,83,red,4,0,2
27,PLAYER 1,103,green,3,1,1
27,PLAYER 2,64,red,2,0,2
28,PLAYER 1,114,green,4,1,1
28,PLAYER 2,93,red,3,0,2
29,PLAYER 1,108,green,4,1,1
29,PLAYER 2,59,red,3,0,2
30,PLAYER 1,105,green,4,1,1
30,PLAYER 2,64,red,3,0,2
31,PLAYER 1,95,green,4,0,1
31,PLAYER 2,102,red,4,1,2
32,PLAYER 1,125,green,4,1,1
32,PLAYER 2,73,red,3,0,2
33,PLAYER 1,105,green,3,1,1
33,PLAYER 2,65,red,2,0,2
34,PLAYER 1,101,green,4,1,1
34,PLAYER 2,57,red,3,0,2
35,PLAYER 1,107,green,5,1,1
35,PLAYER 2,90,red,4,0,2
36,PLAYER 1,89,green,4,0,1
36,PLAYER 2,100,red,4,1,2
37,PLAYER 1,113,green,4,1,1
37,PLAYER 2,83,red,3,0,2
38,PLAYER 1,103,green,5,1,1
38,PLAYER 2,97,red,4,0,2
39,PLAYER 1,63,green,3,0,1
39,PLAYER 2,111,red,3,1,2
40,PLAYER 1,68,green,3,0,1
40,PLAYER 2,102,red,3,1,2
41,PLAYER 1,70,green,3,0,1
41,PLAYER 2,102,red,3,1,2
42,PLAYER 1,117,green,4,1,1
42,PLAYER 2,72,red,3,0,2
43,PLAYER 1,112,green,4,1,1
43,PLAYER 2,77,red,3,0,2
44,PLAYER 1,85,green,4,0,1
44,PLAYER 2,103,red,4,1,2
45,PLAYER 1,100,green,5,1,1
45,PLAYER 2,87,red,4,0,2
46,PLAYER 1,103,green,3,1,1
46,PLAYER 2,31,red,2,0,2
47,PLAYER 1,107,green,5,1,1
47,PLAYER 2,91,red,4,0,2
48,PLAYER 1,69,green,4,0,1
48,PLAYER 2,116,red,4,1,2
49,PLAYER 1,105,green,4,1,1
49,PLAYER 2,58,red,3,0,2
50,PLAYER 1,110,green,4,1,1
50,PLAYER 2,75,red,3,0,2
51,PLAYER 1,103,green,4,1,1
51,PLAYER 2,57,red,3,0,2
52,PLAYER 1,98,green,4,0,1
52,PLAYER 2,106,red,4,1,2
53,PLAYER 1,105,green,4,1,1
53,PLAYER 2,94,red,3,0,2
54,PLAYER 1,97,green,3,0,1
54,PLAYER 2,106,red,3,1,2
55,PLAYER 1,119,green,4,1,1
55,PLAYER 2,47,red,3,0,2
56,PLAYER 1,99,green,5,0,1
56,PLAYER 2,115,red,5,1,2
57,PLAYER 1,97,green,5,0,1
57,PLAYER 2,100,red,5,1,2
58,PLAYER 1,66,green,3,0,1
58,PLAYER 2,105,red,3,1,2
59,PLAYER 1,100,green,4,1,1
59,PLAYER 2,74,red,3,0,2
60,PLAYER 1,114,green,4,1,1
60,PLAYER 2,83,red,3,0,2
61,PLAYER 1,124,green,4,1,1
61,PLAYER 2,74,red,3,0,2
62,PLAYER 1,116,green,4,1,1
62,PLAYER 2,75,red,3,0,2
63,PLAYER 1,113,green,5,1,1
63,PLAYER 2,93,red,4,0,2
64,PLAYER 1,89,green,4,0,1
64,PLAYER 2,128,red,4,1,2
65,PLAYER 1,105,green,4,1,1
65,PLAYER 2,84,red,3,0,2
66,PLAYER 1,129,green,4,1,1
66,PLAYER 2,81,red,3,0,2
67,PLAYER 1,113,green,4,1,1
67,PLAYER 2,92,red,3,0,2
68,PLAYER 1,100,green,5,1,1
68,PLAYER 2,94,red,4,0,2
69,PLAYER 1,105,green,5,1,1
69,PLAYER 2,83,red,4,0,2
70,PLAYER 1,100,green,4,1,1
70,PLAYER 2,75,red,3,0,2
71,PLAYER 1,86,green,4,0,1
71,PLAYER 2,100,red,4,1,2
72,PLAYER 1,97,green,4,0,1
72,PLAYER 2,112,red,4,1,2
73,PLAYER 1,93,green,4,0,1
73,PLAYER 2,127,red,4,1,2
74,PLAYER 1,121,green,3,1,1
74,PLAYER 2,43,red,2,0,2
75,PLAYER 1,101,green,4,1,1
75,PLAYER 2,76,red,3,0,2
76,PLAYER 1,111,green,4,1,1
76,PLAYER 2,51,red,3,0,2
77,PLAYER 1,77,green,3,0,1
77,PLAYER 2,112,red,3,1,2
78,PLAYER 1,107,green,4,1,1
78,PLAYER 2,77,red,3,0,2
79,PLAYER 1,79,green,3,0,1
79,PLAYER 2,101,red,3,1,2
80,PLAYER 1,75,green,4,0,1
80,PLAYER 2,103,red,4,1,2
81,PLAYER 1,108,green,3,1,1
81,PLAYER 2,36,red,2,0,2
82,PLAYER 1,104,green,4,1,1
82,PLAYER 2,87,red,3,0,2
83,PLAYER 1,101,green,3,1,1
83,PLAYER 2,33,red,2,0,2
84,PLAYER 1,110,green,5,1,1
84,PLAYER 2,98,red,4,0,2
85,PLAYER 1,100,green,5,1,1
85,PLAYER 2,87,red,4,0,2
86,PLAYER 1,92,green,4,0,1
86,PLAYER 2,105,red,4,1,2
87,PLAYER 1,96,green,4,0,1
87,PLAYER 2,113,red,4,1,2
88,PLAYER 1,85,green,4,0,1
88,PLAYER 2,103,red,4,1,2
89,PLAYER 1,118,green,4,1,1
89,PLAYER 2,70,red,3,0,2
90,PLAYER 1,79,green,3,0,1
90,PLAYER 2,117,red,3,1,2
91,PLAYER 1,98,green,4,0,1
91,PLAYER 2,118,red,4,1,2
92,PLAYER 1,105,green,4,1,1
92,PLAYER 2,45,red,3,0,2
93,PLAYER 1,94,green,4,0,1
93,PLAYER 2,101,red,4,1,2
94,PLAYER 1,86,green,4,0,1
94,PLAYER 2,101,red,4,1,2
95,PLAYER 1,82,green,3,0,1
95,PLAYER 2,100,red,3,1,2
96,PLAYER 1,116,green,5,1,1
96,PLAYER 2,79,red,4,0,2
97,PLAYER 1,102,green,4,1,1
97,PLAYER 2,78,red,3,0,2
98,PLAYER 1,103,green,4,1,1
98,PLAYER 2,82,red,3,0,2
99,PLAYER 1,104,green,4,1,1
99,PLAYER 2,98,red,3,0,2
100,PLAYER 1,101,green,4,1,1
100,PLAYER 2,81,red,3,0,2
101,PLAYER 1,114,green,4,1,1
101,PLAYER 2,86,red,3,0,2
102,PLAYER 1,107,green,5,1,1
102,PLAYER 2,79,red,4,0,2
103,PLAYER 1,104,green,4,1,1
103,PLAYER 2,79,red,3,0,2
104,PLAYER 1,109,green,4,1,1
104,PLAYER 2,76,red,3,0,2
105,PLAYER 1,102,green,4,1,1
105,PLAYER 2,61,red,3,0,2
106,PLAYER 1,106,green,5,1,1
106,PLAYER 2,88,red,4,0,2
107,PLAYER 1,103,green,4,1,1
107,PLAYER 2,88,red,3,0,2
108,PLAYER 1,72,green,4,0,1
108,PLAYER 2,106,red,4,1,2
109,PLAYER 1,56,green,3,0,1
109,PLAYER 2,112,red,3,1,2
110,PLAYER 1,119,green,4,1,1
110,PLAYER 2,64,red,3,0,2
111,PLAYER 1,110,green,4,1,1
111,PLAYER 2,75,red,3,0,2
112,PLAYER 1,83,green,4,0,1
112,PLAYER 2,112,red,4,1,2
113,PLAYER 1,118,green,5,1,1
113,PLAYER 2,93,red,4,0,2
114,PLAYER 1,82,green,4,0,1
114,PLAYER 2,103,red,4,1,2
115,PLAYER 1,110,green,4,1,1
115,PLAYER 2,84,red,3,0,2
116,PLAYER 1,90,green,4,0,1
116,PLAYER 2,100,red,4,1,2
117,PLAYER 1,101,green,4,1,1
117,PLAYER 2,61,red,3,0,2
118,PLAYER 1,100,green,4,1,1
118,PLAYER 2,60,red,3,0,2
119,PLAYER 1,93,green,4,0,1
119,PLAYER 2,106,red,4,1,2
120,PLAYER 1,100,green,5,1,1
120,PLAYER 2,99,red,4,0,2
121,PLAYER 1,110,green,5,1,1
121,PLAYER 2,63,red,4,0,2
122,PLAYER 1,57,green,3,0,1
122,PLAYER 2,112,red,3,1,2
123,PLAYER 1,119,green,4,1,1
123,PLAYER 2,83,red,3,0,2
124,PLAYER 1,123,green,4,1,1
124,PLAYER 2,87,red,3,0,2
125,PLAYER 1,92,green,4,0,1
125,PLAYER 2,120,red,4,1,2
126,PLAYER 1,103,green,4,1,1
126,PLAYER 2,76,red,3,0,2
127,PLAYER 1,93,green,4,0,1
127,PLAYER 2,101,red,4,1,2
128,PLAYER 1,105,green,4,1,1
128,PLAYER 2,66,red,3,0,2
129,PLAYER 1,94,green,4,0,1
129,PLAYER 2,112,red,4,1,2
130,PLAYER 1,110,green,4,1,1
130,PLAYER 2,82,red,3,0,2
131,PLAYER 1,114,green,4,1,1
131,PLAYER 2,63,red,3,0,2
132,PLAYER 1,103,green,4,1,1
132,PLAYER 2,69,red,3,0,2
133,PLAYER 1,99,green,4,0,1
133,PLAYER 2,124,red,4,1,2
134,PLAYER 1,99,green,5,0,1
134,PLAYER 2,100,red,5,1,2
135,PLAYER 1,98,green,4,0,1
135,PLAYER 2,113,red,4,1,2
136,PLAYER 1,106,green,4,1,1
136,PLAYER 2,91,red,3,0,2
137,PLAYER 1,100,green,3,1,1
137,PLAYER 2,30,red,2,0,2
138,PLAYER 1,124,green,4,1,1
138,PLAYER 2,73,red,3,0,2
139,PLAYER 1,113,green,4,1,1
139,PLAYER 2,64,red,3,0,2
140,PLAYER 1,101,green,4,1,1
140,PLAYER 2,95,red,3,0,2
141,PLAYER 1,66,green,3,0,1
141,PLAYER 2,106,red,3,1,2
142,PLAYER 1,121,green,4,1,1
142,PLAYER 2,92,red,3,0,2
143,PLAYER 1,119,green,4,1,1
143,PLAYER 2,90,red,3,0,2
144,PLAYER 1,107,green,5,1,1
144,PLAYER 2,88,red,4,0,2
145,PLAYER 1,104,green,4,1,1
145,PLAYER 2,75,red,3,0,2
146,PLAYER 1,100,green,4,1,1
146,PLAYER 2,73,red,3,0,2
147,PLAYER 1,100,green,4,1,1
147,PLAYER 2,84,red,3,0,2
148,PLAYER 1,105,green,4,1,1
148,PLAYER 2,73,red,3,0,2
149,PLAYER 1,101,green,4,1,1
149,PLAYER 2,72,red,3,0,2
150,PLAYER 1,102,green,4,1,1
150,PLAYER 2,99,red,3,0,2
151,PLAYER 1,111,green,4,1,1
151,PLAYER 2,78,red,3,0,2
152,PLAYER 1,112,green,4,1,1
152,PLAYER 2,77,red,3,0,2
153,PLAYER 1,73,green,4,0,1
153,PLAYER 2,109,red,4,1,2
154,PLAYER 1,103,green,4,1,1
154,PLAYER 2,60,red,3,0,2
155,PLAYER 1,107,green,5,1,1
155,PLAYER 2,95,red,4,0,2
156,PLAYER 1,81,green,4,0,1
156,PLAYER 2,106,red,4,1,2
157,PLAYER 1,114,green,3,1,1
157,PLAYER 2,30,red,2,0,2
158,PLAYER 1,83,green,4,0,1
158,PLAYER 2,105,red,4,1,2
159,PLAYER 1,109,green,5,1,1
159,PLAYER 2,84,red,4,0,2
160,PLAYER 1,116,green,4,1,1
160,PLAYER 2,72,red,3,0,2
161,PLAYER 1,107,green,4,1,1
161,PLAYER 2,75,red,3,0,2
162,PLAYER 1,56,green,3,0,1
162,PLAYER 2,100,red,3,1,2
163,PLAYER 1,115,green,3,1,1
163,PLAYER 2,34,red,2,0,2
164,PLAYER 1,108,green,4,1,1
164,PLAYER 2,74,red,3,0,2
165,PLAYER 1,95,green,4,0,1
165,PLAYER 2,108,red,4,1,2
166,PLAYER 1,101,green,3,1,1
166,PLAYER 2,60,red,2,0,2
167,PLAYER 1,115,green,4,1,1
167,PLAYER 2,74,red,3,0,2
168,PLAYER 1,116,green,4,1,1
168,PLAYER 2,71,red,3,0,2
169,PLAYER 1,98,green,4,0,1
169,PLAYER 2,114,red,4,1,2
170,PLAYER 1,101,green,4,1,1
170,PLAYER 2,67,red,3,0,2
171,PLAYER 1,60,green,3,0,1
171,PLAYER 2,108,red,3,1,2
172,PLAYER 1,103,green,5,1,1
172,PLAYER 2,92,red,4,0,2
173,PLAYER 1,118,green,5,1,1
173,PLAYER 2,93,red,4,0,2
174,PLAYER 1,102,green,3,1,1
174,PLAYER 2,51,red,2,0,2
175,PLAYER 1,68,green,4,0,1
175,PLAYER 2,104,red,4,1,2
176,PLAYER 1,128,green,4,1,1
176,PLAYER 2,57,red,3,0,2
177,PLAYER 1,102,green,5,1,1
177,PLAYER 2,79,red,4,0,2
178,PLAYER 1,108,green,5,1,1
178,PLAYER 2,94,red,4,0,2
179,PLAYER 1,117,green,5,1,1
179,PLAYER 2,86,red,4,0,2
180,PLAYER 1,73,green,4,0,1
180,PLAYER 2,104,red,4,1,2
181,PLAYER 1,105,green,4,1,1
181,PLAYER 2,68,red,3,0,2
182,PLAYER 1,112,green,4,1,1
182,PLAYER 2,69,red,3,0,2
183,PLAYER 1,111,green,4,1,1
183,PLAYER 2,68,red,3,0,2
184,PLAYER 1,102,green,4,1,1
184,PLAYER 2,68,red,3,0,2
185,PLAYER 1,103,green,5,1,1
185,PLAYER 2,88,red,4,0,2
186,PLAYER 1,87,green,5,0,1
186,PLAYER 2,103,red,5,1,2
187,PLAYER 1,119,green,4,1,1
187,PLAYER 2,74,red,3,0,2
188,PLAYER 1,103,green,3,1,1
188,PLAYER 2,56,red,2,0,2
189,PLAYER 1,101,green,4,1,1
189,PLAYER 2,61,red,3,0,2
190,PLAYER 1,100,green,3,1,1
190,PLAYER 2,39,red,2,0,2
191,PLAYER 1,109,green,3,1,1
191,PLAYER 2,32,red,2,0,2
192,PLAYER 1,124,green,5,1,1
192,PLAYER 2,79,red,4,0,2
193,PLAYER 1,93,green,4,0,1
193,PLAYER 2,109,red,4,1,2
194,PLAYER 1,85,green,4,0,1
194,PLAYER 2,103,red,4,1,2
195,PLAYER 1,111,green,5,1,1
195,PLAYER 2,87,red,4,0,2
196,PLAYER 1,85,green,3,0,1
196,PLAYER 2,102,red,3,1,2
197,PLAYER 1,87,green,4,0,1
197,PLAYER 2,101,red,4,1,2
198,PLAYER 1,107,green,4,1,1
198,PLAYER 2,80,red,3,0,2
199,PLAYER 1,107,green,4,1,1
199,PLAYER 2,96,red,3,0,2
200,PLAYER 1,112,green,4,1,1
200,PLAYER 2,78,red,3,0,2
201,PLAYER 1,106,green,4,1,1
201,PLAYER 2,94,red,3,0,2
202,PLAYER 1,62,green,4,0,1
202,PLAYER 2,120,red,4,1,2
203,PLAYER 1,120,green,4,1,1
203,PLAYER 2,63,red,3,0,2
204,PLAYER 1,128,green,5,1,1
204,PLAYER 2,97,red,4,0,2
205,PLAYER 1,112,green,4,1,1
205,PLAYER 2,95,red,3,0,2
206,PLAYER 1,101,green,4,1,1
206,PLAYER 2,56,red,3,0,2
207,PLAYER 1,113,green,4,1,1
207,PLAYER 2,75,red,3,0,2
208,PLAYER 1,99,green,4,0,1
208,PLAYER 2,103,red,4,1,2
209,PLAYER 1,87,green,3,0,1
209,PLAYER 2,104,red,3,1,2
210,PLAYER 1,100,green,5,1,1
210,PLAYER 2,84,red,4,0,2
211,PLAYER 1,79,green,4,0,1
211,PLAYER 2,125,red,4,1,2
212,PLAYER 1,110,green,4,1,1
212,PLAYER 2,90,red,3,0,2
213,PLAYER 1,103,green,4,1,1
213,PLAYER 2,85,red,3,0,2
214,PLAYER 1,116,green,4,1,1
214,PLAYER 2,85,red,3,0,2
215,PLAYER 1,101,green,4,1,1
215,PLAYER 2,73,red,3,0,2
216,PLAYER 1,105,green,4,1,1
216,PLAYER 2,69,red,3,0,2
217,PLAYER 1,110,green,5,1,1
217,PLAYER 2,71,red,4,0,2
218,PLAYER 1,107,green,4,1,1
218,PLAYER 2,87,red,3,0,2
219,PLAYER 1,103,green,4,1,1
219,PLAYER 2,78,red,3,0,2
220,PLAYER 1,113,green,5,1,1
220,PLAYER 2,92,red,4,0,2
221,PLAYER 1,80,green,3,0,1
221,PLAYER 2,100,red,3,1,2
222,PLAYER 1,124,green,4,1,1
222,PLAYER 2,82,red,3,0,2
223,PLAYER 1,102,green,4,1,1
223,PLAYER 2,79,red,3,0,2
224,PLAYER 1,109,green,4,1,1
224,PLAYER 2,65,red,3,0,2
225,PLAYER 1,101,green,4,1,1
225,PLAYER 2,73,red,3,0,2
226,PLAYER 1,107,green,4,1,1
226,PLAYER 2,80,red,3,0,2
227,PLAYER 1,99,green,4,0,1
227,PLAYER 2,115,red,4,1,2
228,PLAYER 1,97,green,4,0,1
228,PLAYER 2,105,red,4,1,2
229,PLAYER 1,101,green,4,1,1
229,PLAYER 2,69,red,3,0,2
230,PLAYER 1,100,green,4,1,1
230,PLAYER 2,79,red,3,0,2
231,PLAYER 1,109,green,3,1,1
231,PLAYER 2,66,red,2,0,2
232,PLAYER 1,112,green,4,1,1
232,PLAYER 2,59,red,3,0,2
233,PLAYER 1,100,green,4,1,1
233,PLAYER 2,86,red,3,0,2
234,PLAYER 1,69,green,4,0,1
234,PLAYER 2,107,red,4,1,2
235,PLAYER 1,63,green,4,0,1
235,PLAYER 2,120,red,4,1,2
236,PLAYER 1,102,green,3,1,1
236,PLAYER 2,44,red,2,0,2
237,PLAYER 1,100,green,4,1,1
237,PLAYER 2,73,red,3,0,2
238,PLAYER 1,103,green,5,1,1
238,PLAYER 2,93,red,4,0,2
239,PLAYER 1,89,green,4,0,1
239,PLAYER 2,100,red,4,1,2
240,PLAYER 1,94,green,5,0,1
240,PLAYER 2,109,red,5,1,2
241,PLAYER 1,98,green,4,0,1
241,PLAYER 2,112,red,4,1,2
242,PLAYER 1,103,green,4,1,1
242,PLAYER 2,95,red,3,0,2
243,PLAYER 1,124,green,4,1,1
243,PLAYER 2,67,red,3,0,2
244,PLAYER 1,117,green,3,1,1
244,PLAYER 2,50,red,2,0,2
245,PLAYER 1,105,green,4,1,1
245,PLAYER 2,78,red,3,0,2
246,PLAYER 1,116,green,4,1,1
246,PLAYER 2,62,red,3,0,2
247,PLAYER 1,111,green,4,1,1
247,PLAYER 2,77,red,3,0,2
248,PLAYER 1,106,green,5,1,1
248,PLAYER 2,93,red,4,0,2
249,PLAYER 1,94,green,4,0,1
249,PLAYER 2,118,red,4,1,2
250,PLAYER 1,101,green,4,1,1
250,PLAYER 2,96,red,3,0,2
251,PLAYER 1,107,green,3,1,1
251,PLAYER 2,74,red,2,0,2
252,PLAYER 1,96,green,4,0,1
252,PLAYER 2,102,red,4,1,2
253,PLAYER 1,125,green,4,1,1
253,PLAYER 2,88,red,3,0,2
254,PLAYER 1,105,green,4,1,1
254,PLAYER 2,58,red,3,0,2
255,PLAYER 1,103,green,4,1,1
255,PLAYER 2,64,red,3,0,2
256,PLAYER 1,91,green,4,0,1
256,PLAYER 2,116,red,4,1,2
257,PLAYER 1,111,green,5,1,1
257,PLAYER 2,84,red,4,0,2
258,PLAYER 1,108,green,4,1,1
258,PLAYER 2,67,red,3,0,2
259,PLAYER 1,97,green,4,0,1
259,PLAYER 2,127,red,4,1,2
260,PLAYER 1,106,green,5,1,1
260,PLAYER 2,90,red,4,0,2
261,PLAYER 1,84,green,4,0,1
261,PLAYER 2,102,red,4,1,2
262,PLAYER 1,76,green,3,0,1
262,PLAYER 2,100,red,3,1,2
263,PLAYER 1,82,green,4,0,1
263,PLAYER 2,112,red,4,1,2
264,PLAYER 1,119,green,5,1,1
264,PLAYER 2,88,red,4,0,2
265,PLAYER 1,109,green,4,1,1
265,PLAYER 2,47,red,3,0,2
266,PLAYER 1,110,green,4,1,1
266,PLAYER 2,93,red,3,0,2
267,PLAYER 1,113,green,4,1,1
267,PLAYER 2,65,red,3,0,2
268,PLAYER 1,92,green,4,0,1
268,PLAYER 2,105,red,4,1,2
269,PLAYER 1,93,green,4,0,1
269,PLAYER 2,115,red,4,1,2
270,PLAYER 1,100,green,4,1,1
270,PLAYER 2,89,red,3,0,2
271,PLAYER 1,96,green,4,0,1
271,PLAYER 2,127,red,4,1,2
272,PLAYER 1,125,green,4,1,1
272,PLAYER 2,74,red,3,0,2
273,PLAYER 1,106,green,4,1,1
273,PLAYER 2,68,red,3,0,2
274,PLAYER 1,103,green,4,1,1
274,PLAYER 2,64,red,3,0,2
275,PLAYER 1,129,green,5,1,1
275,PLAYER 2,97,red,4,0,2
276,PLAYER 1,109,green,4,1,1
276,PLAYER 2,63,red,3,0,2
277,PLAYER 1,76,green,3,0,1
277,PLAYER 2,100,red,3,1,2
278,PLAYER 1,68,green,4,0,1
278,PLAYER 2,103,red,4,1,2
279,PLAYER 1,101,green,4,1,1
279,PLAYER 2,64,red,3,0,2
280,PLAYER 1,108,green,4,1,1
280,PLAYER 2,63,red,3,0,2
281,PLAYER 1,102,green,4,1,1
281,PLAYER 2,74,red,3,0,2
282,PLAYER 1,103,green,4,1,1
282,PLAYER 2,92,red,3,0,2
283,PLAYER 1,86,green,4,0,1
283,PLAYER 2,105,red,4,1,2
284,PLAYER 1,105,green,4,1,1
284,PLAYER 2,81,red,3,0,2
285,PLAYER 1,102,green,3,1,1
285,PLAYER 2,52,red,2,0,2
286,PLAYER 1,108,green,5,1,1
286,PLAYER 2,77,red,4,0,2
287,PLAYER 1,112,green,4,1,1
287,PLAYER 2,84,red,3,0,2
288,PLAYER 1,103,green,5,1,1
288,PLAYER 2,91,red,4,0,2
289,PLAYER 1,104,green,4,1,1
289,PLAYER 2,60,red,3,0,2
290,PLAYER 1,116,green,5,1,1
290,PLAYER 2,99,red,4,0,2
291,PLAYER 1,123,green,4,1,1
291,PLAYER 2,76,red,3,0,2
292,PLAYER 1,84,green,3,0,1
292,PLAYER 2,111,red,3,1,2
293,PLAYER 1,106,green,4,1,1
293,PLAYER 2,80,red,3,0,2
294,PLAYER 1,107,green,4,1,1
294,PLAYER 2,99,red,3,0,2
295,PLAYER 1,107,green,4,1,1
295,PLAYER 2,69,red,3,0,2
296,PLAYER 1,80,green,3,0,1
296,PLAYER 2,115,red,3,1,2
297,PLAYER 1,100,green,3,1,1
297,PLAYER 2,33,red,2,0,2
298,PLAYER 1,100,green,4,1,1
298,PLAYER 2,56,red,3,0,2
299,PLAYER 1,86,green,4,0,1
299,PLAYER 2,118,red,4,1,2
300,PLAYER 1,97,green,4,0,1
300,PLAYER 2,104,red,4,1,2
301,PLAYER 1,90,green,4,0,1
301,PLAYER 2,105,red,4,1,2
302,PLAYER 1,111,green,4,1,1
302,PLAYER 2,70,red,3,0,2
303,PLAYER 1,96,green,4,0,1
303,PLAYER 2,101,red,4,1,2
304,PLAYER 1,100,green,4,1,1
304,PLAYER 2,80,red,3,0,2
305,PLAYER 1,89,green,4,0,1
305,PLAYER 2,124,red,4,1,2
306,PLAYER 1,106,green,4,1,1
306,PLAYER 2,97,red,3,0,2
307,PLAYER 1,104,green,4,1,1
307,PLAYER 2,76,red,3,0,2
308,PLAYER 1,101,green,4,1,1
308,PLAYER 2,84,red,3,0,2
309,PLAYER 1,112,green,4,1,1
309,PLAYER 2,80,red,3,0,2
310,PLAYER 1,99,green,4,0,1
310,PLAYER 2,106,red,4,1,2
311,PLAYER 1,117,green,4,1,1
311,PLAYER 2,77,red,3,0,2
312,PLAYER 1,100,green,4,1,1
312,PLAYER 2,73,red,3,0,2
313,PLAYER 1,99,green,4,0,1
313,PLAYER 2,118,red,4,1,2
314,PLAYER 1,104,green,5,1,1
314,PLAYER 2,96,red,4,0,2
315,PLAYER 1,102,green,4,1,1
315,PLAYER 2,84,red,3,0,2
316,PLAYER 1,90,green,4,0,1
316,PLAYER 2,100,red,4,1,2
317,PLAYER 1,112,green,5,1,1
317,PLAYER 2,97,red,4,0,2
318,PLAYER 1,100,green,4,1,1
318,PLAYER 2,63,red,3,0,2
319,PLAYER 1,102,green,4,1,1
319,PLAYER 2,85,red,3,0,2
320,PLAYER 1,118,green,4,1,1
320,PLAYER 2,74,red,3,0,2
321,PLAYER 1,70,green,4,0,1
321,PLAYER 2,102,red,4,1,2
322,PLAYER 1,93,green,4,0,1
322,PLAYER 2,113,red,4,1,2
323,PLAYER 1,107,green,4,1,1
323,PLAYER 2,65,red,3,0,2
324,PLAYER 1,81,green,4,0,1
324,PLAYER 2,112,red,4,1,2
325,PLAYER 1,102,green,4,1,1
325,PLAYER 2,96,red,3,0,2
326,PLAYER 1,101,green,4,1,1
326,PLAYER 2,94,red,3,0,2
327,PLAYER 1,101,green,4,1,1
327,PLAYER 2,89,red,3,0,2
328,PLAYER 1,106,green,5,1,1
328,PLAYER 2,66,red,4,0,2
329,PLAYER 1,89,green,4,0,1
329,PLAYER 2,100,red,4,1,2
330,PLAYER 1,119,green,4,1,1
330,PLAYER 2,67,red,3,0,2
331,PLAYER 1,101,green,4,1,1
331,PLAYER 2,93,red,3,0,2
332,PLAYER 1,100,green,4,1,1
332,PLAYER 2,96,red,3,0,2
333,PLAYER 1,109,green,4,1,1
333,PLAYER 2,77,red,3,0,2
334,PLAYER 1,82,green,4,0,1
334,PLAYER 2,105,red,4,1,2
335,PLAYER 1,107,green,4,1,1
335,PLAYER 2,93,red,3,0,2
336,PLAYER 1,125,green,4,1,1
336,PLAYER 2,49,red,3,0,2
337,PLAYER 1,113,green,5,1,1
337,PLAYER 2,85,red,4,0,2
338,PLAYER 1,101,green,4,1,1
338,PLAYER 2,66,red,3,0,2
339,PLAYER 1,108,green,6,1,1
339,PLAYER 2,94,red,5,0,2
340,PLAYER 1,103,green,4,1,1
340,PLAYER 2,82,red,3,0,2
341,PLAYER 1,103,green,4,1,1
341,PLAYER 2,83,red,3,0,2
342,PLAYER 1,115,green,4,1,1
342,PLAYER 2,69,red,3,0,2
343,PLAYER 1,92,green,4,0,1
343,PLAYER 2,103,red,4,1,2
344,PLAYER 1,105,green,5,1,1
344,PLAYER 2,92,red,4,0,2
345,PLAYER 1,105,green,4,1,1
345,PLAYER 2,91,red,3,0,2
346,PLAYER 1,105,green,4,1,1
346,PLAYER 2,71,red,3,0,2
347,PLAYER 1,101,green,4,1,1
347,PLAYER 2,89,red,3,0,2
348,PLAYER 1,83,green,4,0,1
348,PLAYER 2,106,red,4,1,2
349,PLAYER 1,105,green,5,1,1
349,PLAYER 2,61,red,4,0,2
350,PLAYER 1,114,green,4,1,1
350,PLAYER 2,91,red,3,0,2
351,PLAYER 1,89,green,4,0,1
351,PLAYER 2,104,red,4,1,2
352,PLAYER 1,105,green,5,1,1
352,PLAYER 2,89,red,4,0,2
353,PLAYER 1,104,green,5,1,1
353,PLAYER 2,84,red,4,0,2
354,PLAYER 1,112,green,4,1,1
354,PLAYER 2,95,red,3,0,2
355,PLAYER 1,103,green,4,1,1
355,PLAYER 2,74,red,3,0,2
356,PLAYER 1,119,green,4,1,1
356,PLAYER 2,91,red,3,0,2
357,PLAYER 1,103,green,4,1,1
357,PLAYER 2,89,red,3,0,2
358,PLAYER 1,92,green,4,0,1
358,PLAYER 2,106,red,4,1,2
359,PLAYER 1,124,green,4,1,1
359,PLAYER 2,69,red,3,0,2
360,PLAYER 1,102,green,4,1,1
360,PLAYER 2,79,red,3,0,2
361,PLAYER 1,103,green,4,1,1
361,PLAYER 2,67,red,3,0,2
362,PLAYER 1,98,green,4,0,1
362,PLAYER 2,111,red,4,1,2
363,PLAYER 1,82,green,3,0,1
363,PLAYER 2,100,red,3,1,2
364,PLAYER 1,96,green,4,0,1
364,PLAYER 2,112,red,4,1,2
365,PLAYER 1,94,green,4,0,1
365,PLAYER 2,110,red,4,1,2
366,PLAYER 1,86,green,4,0,1
366,PLAYER 2,102,red,4,1,2
367,PLAYER 1,111,green,4,1,1
367,PLAYER 2,73,red,3,0,2
368,PLAYER 1,118,green,5,1,1
368,PLAYER 2,98,red,4,0,2
369,PLAYER 1,121,green,4,1,1
369,PLAYER 2,74,red,3,0,2
370,PLAYER 1,110,green,4,1,1
370,PLAYER 2,70,red,3,0,2
371,PLAYER 1,73,green,4,0,1
371,PLAYER 2,104,red,4,1,2
372,PLAYER 1,119,green,4,1,1
372,PLAYER 2,59,red,3,0,2
373,PLAYER 1,98,green,4,0,1
373,PLAYER 2,104,red,4,1,2
374,PLAYER 1,99,green,5,0,1
374,PLAYER 2,106,red,5,1,2
375,PLAYER 1,114,green,4,1,1
375,PLAYER 2,89,red,3,0,2
376,PLAYER 1,102,green,4,1,1
376,PLAYER 2,69,red,3,0,2
377,PLAYER 1,109,green,4,1,1
377,PLAYER 2,83,red,3,0,2
378,PLAYER 1,99,green,4,0,1
378,PLAYER 2,107,red,4,1,2
379,PLAYER 1,102,green,4,1,1
379,PLAYER 2,83,red,3,0,2
380,PLAYER 1,102,green,4,1,1
380,PLAYER 2,81,red,3,0,2
381,PLAYER 1,86,green,4,0,1
381,PLAYER 2,101,red,4,1,2
382,PLAYER 1,101,green,4,1,1
382,PLAYER 2,69,red,3,0,2
383,PLAYER 1,124,green,4,1,1
383,PLAYER 2,69,red,3,0,2
384,PLAYER 1,79,green,4,0,1
384,PLAYER 2,106,red,4,1,2
385,PLAYER 1,91,green,4,0,1
385,PLAYER 2,100,red,4,1,2
386,PLAYER 1,101,green,4,1,1
386,PLAYER 2,68,red,3,0,2
387,PLAYER 1,128,green,4,1,1
387,PLAYER 2,66,red,3,0,2
388,PLAYER 1,102,green,5,1,1
388,PLAYER 2,96,red,4,0,2
389,PLAYER 1,115,green,5,1,1
389,PLAYER 2,80,red,4,0,2
390,PLAYER 1,93,green,4,0,1
390,PLAYER 2,116,red,4,1,2
391,PLAYER 1,102,green,4,1,1
391,PLAYER 2,73,red,3,0,2
392,PLAYER 1,87,green,4,0,1
392,PLAYER 2,126,red,4,1,2
393,PLAYER 1,124,green,5,1,1
393,PLAYER 2,92,red,4,0,2
394,PLAYER 1,104,green,3,1,1
394,PLAYER 2,33,red,2,0,2
395,PLAYER 1,100,green,3,1,1
395,PLAYER 2,64,red,2,0,2
396,PLAYER 1,102,green,4,1,1
396,PLAYER 2,89,red,3,0,2
397,PLAYER 1,122,green,4,1,1
397,PLAYER 2,86,red,3,0,2
398,PLAYER 1,106,green,4,1,1
398,PLAYER 2,97,red,3,0,2
399,PLAYER 1,110,green,4,1,1
399,PLAYER 2,93,red,3,0,2
400,PLAYER 1,97,green,4,0,1
400,PLAYER 2,105,red,4,1,2
401,PLAYER 1,96,green,4,0,1
401,PLAYER 2,106,red,4,1,2
402,PLAYER 1,95,green,3,0,1
402,PLAYER 2,113,red,3,1,2
403,PLAYER 1,102,green,5,1,1
403,PLAYER 2,88,red,4,0,2
404,PLAYER 1,88,green,4,0,1
404,PLAYER 2,122,red,4,1,2
405,PLAYER 1,111,green,4,1,1
405,PLAYER 2,72,red,3,0,2
406,PLAYER 1,105,green,4,1,1
406,PLAYER 2,90,red,3,0,2
407,PLAYER 1,111,green,5,1,1
407,PLAYER 2,91,red,4,0,2
408,PLAYER 1,105,green,4,1,1
408,PLAYER 2,86,red,3,0,2
409,PLAYER 1,80,green,4,0,1
409,PLAYER 2,102,red,4,1,2
410,PLAYER 1,100,green,5,1,1
410,PLAYER 2,99,red,4,0,2
411,PLAYER 1,92,green,3,0,1
411,PLAYER 2,114,red,3,1,2
412,PLAYER 1,86,green,4,0,1
412,PLAYER 2,105,red,4,1,2
413,PLAYER 1,102,green,5,1,1
413,PLAYER 2,93,red,4,0,2
414,PLAYER 1,62,green,3,0,1
414,PLAYER 2,101,red,3,1,2
415,PLAYER 1,105,green,5,1,1
415,PLAYER 2,70,red,4,0,2
416,PLAYER 1,80,green,4,0,1
416,PLAYER 2,102,red,4,1,2
417,PLAYER 1,103,green,4,1,1
417,PLAYER 2,69,red,3,0,2
418,PLAYER 1,114,green,5,1,1
418,PLAYER 2,96,red,4,0,2
419,PLAYER 1,106,green,4,1,1
419,PLAYER 2,84,red,3,0,2
420,PLAYER 1,100,green,4,1,1
420,PLAYER 2,86,red,3,0,2
421,PLAYER 1,102,green,4,1,1
421,PLAYER 2,71,red,3,0,2
422,PLAYER 1,105,green,4,1,1
422,PLAYER 2,89,red,3,0,2
423,PLAYER 1,102,green,4,1,1
423,PLAYER 2,79,red,3,0,2
424,PLAYER 1,108,green,3,1,1
424,PLAYER 2,46,red,2,0,2
425,PLAYER 1,74,green,4,0,1
425,PLAYER 2,107,red,4,1,2
426,PLAYER 1,98,green,5,0,1
426,PLAYER 2,112,red,5,1,2
427,PLAYER 1,98,green,5,0,1
427,PLAYER 2,102,red,5,1,2
428,PLAYER 1,129,green,5,1,1
428,PLAYER 2,95,red,4,0,2
429,PLAYER 1,106,green,4,1,1
429,PLAYER 2,52,red,3,0,2
430,PLAYER 1,98,green,4,0,1
430,PLAYER 2,117,red,4,1,2
431,PLAYER 1,103,green,4,1,1
431,PLAYER 2,60,red,3,0,2
432,PLAYER 1,106,green,3,1,1
432,PLAYER 2,44,red,2,0,2
433,PLAYER 1,98,green,4,0,1
433,PLAYER 2,104,red,4,1,2
434,PLAYER 1,76,green,4,0,1
434,PLAYER 2,117,red,4,1,2
435,PLAYER 1,118,green,5,1,1
435,PLAYER 2,91,red,4,0,2
436,PLAYER 1,76,green,4,0,1
436,PLAYER 2,104,red,4,1,2
437,PLAYER 1,116,green,4,1,1
437,PLAYER 2,88,red,3,0,2
438,PLAYER 1,102,green,4,1,1
438,PLAYER 2,61,red,3,0,2
439,PLAYER 1,112,green,4,1,1
439,PLAYER 2,72,red,3,0,2
440,PLAYER 1,108,green,5,1,1
440,PLAYER 2,79,red,4,0,2
441,PLAYER 1,64,green,3,0,1
441,PLAYER 2,107,red,3,1,2
442,PLAYER 1,118,green,4,1,1
442,PLAYER 2,78,red,3,0,2
443,PLAYER 1,116,green,4,1,1
443,PLAYER 2,74,red,3,0,2
444,PLAYER 1,100,green,3,1,1
444,PLAYER 2,56,red,2,0,2
445,PLAYER 1,101,green,4,1,1
445,PLAYER 2,83,red,3,0,2
446,PLAYER 1,107,green,3,1,1
446,PLAYER 2,62,red,2,0,2
447,PLAYER 1,116,green,5,1,1
447,PLAYER 2,77,red,4,0,2
448,PLAYER 1,85,green,4,0,1
448,PLAYER 2,122,red,4,1,2
449,PLAYER 1,102,green,4,1,1
449,PLAYER 2,58,red,3,0,2
450,PLAYER 1,100,green,3,1,1
450,PLAYER 2,37,red,2,0,2
451,PLAYER 1,94,green,4,0,1
451,PLAYER 2,114,red,4,1,2
452,PLAYER 1,84,green,4,0,1
452,PLAYER 2,105,red,4,1,2
453,PLAYER 1,101,green,3,1,1
453,PLAYER 2,45,red,2,0,2
454,PLAYER 1,106,green,4,1,1
454,PLAYER 2,52,red,3,0,2
455,PLAYER 1,92,green,3,0,1
455,PLAYER 2,106,red,3,1,2
456,PLAYER 1,119,green,5,1,1
456,PLAYER 2,92,red,4,0,2
457,PLAYER 1,104,green,5,1,1
457,PLAYER 2,82,red,4,0,2
458,PLAYER 1,123,green,4,1,1
458,PLAYER 2,70,red,3,0,2
459,PLAYER 1,91,green,4,0,1
459,PLAYER 2,124,red,4,1,2
460,PLAYER 1,109,green,4,1,1
460,PLAYER 2,69,red,3,0,2
461,PLAYER 1,100,green,4,1,1
461,PLAYER 2,60,red,3,0,2
462,PLAYER 1,104,green,5,1,1
462,PLAYER 2,97,red,4,0,2
463,PLAYER 1,88,green,4,0,1
463,PLAYER 2,111,red,4,1,2
464,PLAYER 1,82,green,4,0,1
464,PLAYER 2,107,red,4,1,2
465,PLAYER 1,78,green,3,0,1
465,PLAYER 2,110,red,3,1,2
466,PLAYER 1,105,green,5,1,1
466,PLAYER 2,94,red,4,0,2
467,PLAYER 1,84,green,4,0,1
467,PLAYER 2,100,red,4,1,2
468,PLAYER 1,97,green,4,0,1
468,PLAYER 2,106,red,4,1,2
469,PLAYER 1,105,green,4,1,1
469,PLAYER 2,51,red,3,0,2
470,PLAYER 1,86,green,4,0,1
470,PLAYER 2,101,red,4,1,2
471,PLAYER 1,113,green,3,1,1
471,PLAYER 2,60,red,2,0,2
472,PLAYER 1,99,green,4,0,1
472,PLAYER 2,114,red,4,1,2
473,PLAYER 1,110,green,4,1,1
473,PLAYER 2,98,red,3,0,2
474,PLAYER 1,106,green,4,1,1
474,PLAYER 2,93,red,3,0,2
475,PLAYER 1,110,green,4,1,1
475,PLAYER 2,83,red,3,0,2
476,PLAYER 1,100,green,4,1,1
476,PLAYER 2,87,red,3,0,2
477,PLAYER 1,100,green,4,1,1
477,PLAYER 2,94,red,3,0,2
478,PLAYER 1,109,green,4,1,1
478,PLAYER 2,95,red,3,0,2
479,PLAYER 1,108,green,4,1,1
479,PLAYER 2,65,red,3,0,2
480,PLAYER 1,104,green,5,1,1
480,PLAYER 2,92,red,4,0,2
481,PLAYER 1,111,green,4,1,1
481,PLAYER 2,54,red,3,0,2
482,PLAYER 1,92,green,5,0,1
482,PLAYER 2,100,red,5,1,2
483,PLAYER 1,114,green,5,1,1
483,PLAYER 2,96,red,4,0,2
484,PLAYER 1,93,green,4,0,1
484,PLAYER 2,100,red,4,1,2
485,PLAYER 1,104,green,4,1,1
485,PLAYER 2,60,red,3,0,2
486,PLAYER 1,101,green,5,1,1
486,PLAYER 2,80,red,4,0,2
487,PLAYER 1,111,green,4,1,1
487,PLAYER 2,66,red,3,0,2
488,PLAYER 1,112,green,5,1,1
488,PLAYER 2,97,red,4,0,2
489,PLAYER 1,120,green,4,1,1
489,PLAYER 2,82,red,3,0,2
490,PLAYER 1,110,green,3,1,1
490,PLAYER 2,61,red,2,0,2
491,PLAYER 1,118,green,4,1,1
491,PLAYER 2,75,red,3,0,2
492,PLAYER 1,113,green,4,1,1
492,PLAYER 2,78,red,3,0,2
493,PLAYER 1,102,green,5,1,1
493,PLAYER 2,99,red,4,0,2
494,PLAYER 1,101,green,4,1,1
494,PLAYER 2,76,red,3,0,2
495,PLAYER 1,104,green,4,1,1
495,PLAYER 2,68,red,3,0,2
496,PLAYER 1,84,green,4,0,1
496,PLAYER 2,100,red,4,1,2
497,PLAYER 1,102,green,4,1,1
497,PLAYER 2,85,red,3,0,2
498,PLAYER 1,111,green,3,1,1
498,PLAYER 2,43,red,2,0,2
499,PLAYER 1,107,green,5,1,1
499,PLAYER 2,91,red,4,0,2
500,PLAYER 1,116,green,4,1,1
500,PLAYER 2,66,red,3,0,2
501,PLAYER 1,102,green,4,1,1
501,PLAYER 2,71,red,3,0,2
502,PLAYER 1,99,green,4,0,1
502,PLAYER 2,126,red,4,1,2
503,PLAYER 1,99,green,4,0,1
503,PLAYER 2,113,red,4,1,2
504,PLAYER 1,103,green,4,1,1
504,PLAYER 2,70,red,3,0,2
505,PLAYER 1,86,green,4,0,1
505,PLAYER 2,118,red,4,1,2
506,PLAYER 1,104,green,4,1,1
506,PLAYER 2,64,red,3,0,2
507,PLAYER 1,101,green,5,1,1
507,PLAYER 2,89,red,4,0,2
508,PLAYER 1,101,green,3,1,1
508,PLAYER 2,43,red,2,0,2
509,PLAYER 1,83,green,4,0,1
509,PLAYER 2,102,red,4,1,2
510,PLAYER 1,109,green,3,1,1
510,PLAYER 2,75,red,2,0,2
511,PLAYER 1,109,green,4,1,1
511,PLAYER 2,54,red,3,0,2
512,PLAYER 1,113,green,5,1,1
512,PLAYER 2,91,red,4,0,2
513,PLAYER 1,87,green,4,0,1
513,PLAYER 2,113,red,4,1,2
514,PLAYER 1,90,green,4,0,1
514,PLAYER 2,101,red,4,1,2
515,PLAYER 1,73,green,3,0,1
515,PLAYER 2,102,red,3,1,2
516,PLAYER 1,105,green,4,1,1
516,PLAYER 2,87,red,3,0,2
517,PLAYER 1,83,green,4,0,1
517,PLAYER 2,101,red,4,1,2
518,PLAYER 1,101,green,4,1,1
518,PLAYER 2,77,red,3,0,2
519,PLAYER 1,105,green,5,1,1
519,PLAYER 2,93,red,4,0,2
520,PLAYER 1,74,green,3,0,1
520,PLAYER 2,100,red,3,1,2
521,PLAYER 1,80,green,4,0,1
521,PLAYER 2,107,red,4,1,2
522,PLAYER 1,129,green,4,1,1
522,PLAYER 2,79,red,3,0,2
523,PLAYER 1,111,green,4,1,1
523,PLAYER 2,79,red,3,0,2
524,PLAYER 1,109,green,4,1,1
524,PLAYER 2,49,red,3,0,2
525,PLAYER 1,91,green,4,0,1
525,PLAYER 2,100,red,4,1,2
526,PLAYER 1,89,green,4,0,1
526,PLAYER 2,104,red,4,1,2
527,PLAYER 1,92,green,4,0,1
527,PLAYER 2,119,red,4,1,2
528,PLAYER 1,103,green,5,1,1
528,PLAYER 2,83,red,4,0,2
529,PLAYER 1,104,green,3,1,1
529,PLAYER 2,40,red,2,0,2
530,PLAYER 1,111,green,5,1,1
530,PLAYER 2,90,red,4,0,2
531,PLAYER 1,91,green,4,0,1
531,PLAYER 2,111,red,4,1,2
532,PLAYER 1,102,green,5,1,1
532,PLAYER 2,86,red,4,0,2
533,PLAYER 1,101,green,3,1,1
533,PLAYER 2,52,red,2,0,2
534,PLAYER 1,128,green,4,1,1
534,PLAYER 2,79,red,3,0,2
535,PLAYER 1,89,green,4,0,1
535,PLAYER 2,102,red,4,1,2
536,PLAYER 1,102,green,4,1,1
536,PLAYER 2,83,red,3,0,2
537,PLAYER 1,61,green,3,0,1
537,PLAYER 2,105,red,3,1,2
538,PLAYER 1,100,green,4,1,1
538,PLAYER 2,72,red,3,0,2
539,PLAYER 1,112,green,4,1,1
539,PLAYER 2,89,red,3,0,2
540,PLAYER 1,100,green,4,1,1
540,PLAYER 2,94,red,3,0,2
541,PLAYER 1,106,green,4,1,1
541,PLAYER 2,66,red,3,0,2
542,PLAYER 1,87,green,4,0,1
542,PLAYER 2,103,red,4,1,2
543,PLAYER 1,107,green,4,1,1
543,PLAYER 2,83,red,3,0,2
544,PLAYER 1,119,green,4,1,1
544,PLAYER 2,49,red,3,0,2
545,PLAYER 1,102,green,4,1,1
545,PLAYER 2,69,red,3,0,2
546,PLAYER 1,108,green,5,1,1
546,PLAYER 2,91,red,4,0,2
547,PLAYER 1,87,green,4,0,1
547,PLAYER 2,103,red,4,1,2
548,PLAYER 1,87,green,4,0,1
548,PLAYER 2,115,red,4,1,2
549,PLAYER 1,102,green,4,1,1
549,PLAYER 2,72,red,3,0,2
550,PLAYER 1,109,green,4,1,1
550,PLAYER 2,73,red,3,0,2
551,PLAYER 1,106,green,4,1,1
551,PLAYER 2,77,red,3,0,2
552,PLAYER 1,104,green,4,1,1
552,PLAYER 2,92,red,3,0,2
553,PLAYER 1,95,green,4,0,1
553,PLAYER 2,101,red,4,1,2
554,PLAYER 1,109,green,4,1,1
554,PLAYER 2,81,red,3,0,2
555,PLAYER 1,116,green,4,1,1
555,PLAYER 2,52,red,3,0,2
556,PLAYER 1,94,green,4,0,1
556,PLAYER 2,121,red,4,1,2
557,PLAYER 1,102,green,4,1,1
557,PLAYER 2,58,red,3,0,2
558,PLAYER 1,103,green,4,1,1
558,PLAYER 2,98,red,3,0,2
559,PLAYER 1,101,green,4,1,1
559,PLAYER 2,73,red,3,0,2
560,PLAYER 1,119,green,3,1,1
560,PLAYER 2,46,red,2,0,2
561,PLAYER 1,101,green,4,1,1
561,PLAYER 2,76,red,3,0,2
562,PLAYER 1,105,green,4,1,1
562,PLAYER 2,76,red,3,0,2
563,PLAYER 1,79,green,4,0,1
563,PLAYER 2,101,red,4,1,2
564,PLAYER 1,117,green,4,1,1
564,PLAYER 2,48,red,3,0,2
565,PLAYER 1,114,green,4,1,1
565,PLAYER 2,73,red,3,0,2
566,PLAYER 1,115,green,4,1,1
566,PLAYER 2,56,red,3,0,2
567,PLAYER 1,105,green,5,1,1
567,PLAYER 2,96,red,4,0,2
568,PLAYER 1,82,green,4,0,1
568,PLAYER 2,102,red,4,1,2
569,PLAYER 1,101,green,4,1,1
569,PLAYER 2,65,red,3,0,2
570,PLAYER 1,95,green,4,0,1
570,PLAYER 2,102,red,4,1,2
571,PLAYER 1,103,green,4,1,1
571,PLAYER 2,72,red,3,0,2
572,PLAYER 1,77,green,4,0,1
572,PLAYER 2,102,red,4,1,2
573,PLAYER 1,104,green,5,1,1
573,PLAYER 2,87,red,4,0,2
574,PLAYER 1,107,green,4,1,1
574,PLAYER 2,78,red,3,0,2
575,PLAYER 1,110,green,4,1,1
575,PLAYER 2,79,red,3,0,2
576,PLAYER 1,109,green,3,1,1
576,PLAYER 2,74,red,2,0,2
577,PLAYER 1,108,green,4,1,1
577,PLAYER 2,72,red,3,0,2
578,PLAYER 1,114,green,4,1,1
578,PLAYER 2,89,red,3,0,2
579,PLAYER 1,80,green,3,0,1
579,PLAYER 2,113,red,3,1,2
580,PLAYER 1,104,green,4,1,1
580,PLAYER 2,73,red,3,0,2
581,PLAYER 1,77,green,4,0,1
581,PLAYER 2,117,red,4,1,2
582,PLAYER 1,84,green,3,0,1
582,PLAYER 2,100,red,3,1,2
583,PLAYER 1,103,green,3,1,1
583,PLAYER 2,66,red,2,0,2
584,PLAYER 1,88,green,4,0,1
584,PLAYER 2,119,red,4,1,2
585,PLAYER 1,100,green,4,1,1
585,PLAYER 2,87,red,3,0,2
586,PLAYER 1,100,green,3,1,1
586,PLAYER 2,52,red,2,0,2
587,PLAYER 1,102,green,5,1,1
587,PLAYER 2,86,red,4,0,2
588,PLAYER 1,106,green,3,1,1
588,PLAYER 2,51,red,2,0,2
589,PLAYER 1,110,green,4,1,1
589,PLAYER 2,80,red,3,0,2
590,PLAYER 1,117,green,4,1,1
590,PLAYER 2,79,red,3,0,2
591,PLAYER 1,88,green,5,0,1
591,PLAYER 2,102,red,5,1,2
592,PLAYER 1,114,green,4,1,1
592,PLAYER 2,84,red,3,0,2
593,PLAYER 1,119,green,4,1,1
593,PLAYER 2,66,red,3,0,2
594,PLAYER 1,104,green,5,1,1
594,PLAYER 2,96,red,4,0,2
595,PLAYER 1,100,green,4,1,1
595,PLAYER 2,71,red,3,0,2
596,PLAYER 1,103,green,4,1,1
596,PLAYER 2,88,red,3,0,2
597,PLAYER 1,93,green,3,0,1
597,PLAYER 2,103,red,3,1,2
598,PLAYER 1,90,green,4,0,1
598,PLAYER 2,105,red,4,1,2
599,PLAYER 1,116,green,4,1,1
599,PLAYER 2,84,red,3,0,2
600,PLAYER 1,103,green,4,1,1
600,PLAYER 2,61,red,3,0,2
601,PLAYER 1,105,green,5,1,1
601,PLAYER 2,91,red,4,0,2
602,PLAYER 1,100,green,4,1,1
602,PLAYER 2,88,red,3,0,2
603,PLAYER 1,113,green,3,1,1
603,PLAYER 2,43,red,2,0,2
604,PLAYER 1,101,green,4,1,1
604,PLAYER 2,51,red,3,0,2
605,PLAYER 1,114,green,4,1,1
605,PLAYER 2,69,red,3,0,2
606,PLAYER 1,96,green,5,0,1
606,PLAYER 2,128,red,5,1,2
607,PLAYER 1,100,green,3,1,1
607,PLAYER 2,66,red,2,0,2
608,PLAYER 1,95,green,4,0,1
608,PLAYER 2,106,red,4,1,2
609,PLAYER 1,115,green,3,1,1
609,PLAYER 2,58,red,2,0,2
610,PLAYER 1,115,green,4,1,1
610,PLAYER 2,91,red,3,0,2
611,PLAYER 1,112,green,4,1,1
611,PLAYER 2,63,red,3,0,2
612,PLAYER 1,103,green,4,1,1
612,PLAYER 2,71,red,3,0,2
613,PLAYER 1,105,green,3,1,1
613,PLAYER 2,56,red,2,0,2
614,PLAYER 1,93,green,4,0,1
614,PLAYER 2,106,red,4,1,2
615,PLAYER 1,116,green,4,1,1
615,PLAYER 2,68,red,3,0,2
616,PLAYER 1,124,green,4,1,1
616,PLAYER 2,91,red,3,0,2
617,PLAYER 1,78,green,4,0,1
617,PLAYER 2,124,red,4,1,2
618,PLAYER 1,102,green,4,1,1
618,PLAYER 2,79,red,3,0,2
619,PLAYER 1,108,green,4,1,1
619,PLAYER 2,55,red,3,0,2
620,PLAYER 1,116,green,3,1,1
620,PLAYER 2,72,red,2,0,2
621,PLAYER 1,116,green,4,1,1
621,PLAYER 2,88,red,3,0,2
622,PLAYER 1,87,green,4,0,1
622,PLAYER 2,107,red,4,1,2
623,PLAYER 1,118,green,4,1,1
623,PLAYER 2,74,red,3,0,2
624,PLAYER 1,91,green,4,0,1
624,PLAYER 2,109,red,4,1,2
625,PLAYER 1,118,green,4,1,1
625,PLAYER 2,52,red,3,0,2
626,PLAYER 1,71,green,3,0,1
626,PLAYER 2,105,red,3,1,2
627,PLAYER 1,102,green,4,1,1
627,PLAYER 2,76,red,3,0,2
628,PLAYER 1,116,green,4,1,1
628,PLAYER 2,73,red,3,0,2
629,PLAYER 1,67,green,4,0,1
629,PLAYER 2,100,red,4,1,2
630,PLAYER 1,106,green,5,1,1
630,PLAYER 2,85,red,4,0,2
631,PLAYER 1,111,green,4,1,1
631,PLAYER 2,67,red,3,0,2
632,PLAYER 1,73,green,3,0,1
632,PLAYER 2,100,red,3,1,2
633,PLAYER 1,108,green,4,1,1
633,PLAYER 2,57,red,3,0,2
634,PLAYER 1,96,green,5,0,1
634,PLAYER 2,104,red,5,1,2
635,PLAYER 1,125,green,4,1,1
635,PLAYER 2,93,red,3,0,2
636,PLAYER 1,109,green,4,1,1
636,PLAYER 2,71,red,3,0,2
637,PLAYER 1,117,green,4,1,1
637,PLAYER 2,56,red,3,0,2
638,PLAYER 1,110,green,4,1,1
638,PLAYER 2,69,red,3,0,2
639,PLAYER 1,122,green,4,1,1
639,PLAYER 2,59,red,3,0,2
640,PLAYER 1,126,green,4,1,1
640,PLAYER 2,90,red,3,0,2
641,PLAYER 1,114,green,4,1,1
641,PLAYER 2,89,red,3,0,2
642,PLAYER 1,121,green,4,1,1
642,PLAYER 2,57,red,3,0,2
643,PLAYER 1,69,green,3,0,1
643,PLAYER 2,102,red,3,1,2
644,PLAYER 1,81,green,4,0,1
644,PLAYER 2,102,red,4,1,2
645,PLAYER 1,112,green,3,1,1
645,PLAYER 2,66,red,2,0,2
646,PLAYER 1,91,green,4,0,1
646,PLAYER 2,108,red,4,1,2
647,PLAYER 1,107,green,5,1,1
647,PLAYER 2,83,red,4,0,2
648,PLAYER 1,92,green,4,0,1
648,PLAYER 2,104,red,4,1,2
649,PLAYER 1,113,green,4,1,1
649,PLAYER 2,59,red,3,0,2
650,PLAYER 1,109,green,4,1,1
650,PLAYER 2,71,red,3,0,2
651,PLAYER 1,114,green,4,1,1
651,PLAYER 2,88,red,3,0,2
652,PLAYER 1,67,green,3,0,1
652,PLAYER 2,103,red,3,1,2
653,PLAYER 1,92,green,4,0,1
653,PLAYER 2,105,red,4,1,2
654,PLAYER 1,106,green,4,1,1
654,PLAYER 2,58,red,3,0,2
655,PLAYER 1,117,green,5,1,1
655,PLAYER 2,86,red,4,0,2
656,PLAYER 1,106,green,4,1,1
656,PLAYER 2,95,red,3,0,2
657,PLAYER 1,100,green,3,1,1
657,PLAYER 2,69,red,2,0,2
658,PLAYER 1,119,green,4,1,1
658,PLAYER 2,41,red,3,0,2
659,PLAYER 1,92,green,4,0,1
659,PLAYER 2,116,red,4,1,2
660,PLAYER 1,103,green,4,1,1
660,PLAYER 2,68,red,3,0,2
661,PLAYER 1,108,green,4,1,1
661,PLAYER 2,73,red,3,0,2
662,PLAYER 1,116,green,4,1,1
662,PLAYER 2,97,red,3,0,2
663,PLAYER 1,125,green,4,1,1
663,PLAYER 2,67,red,3,0,2
664,PLAYER 1,109,green,4,1,1
664,PLAYER 2,92,red,3,0,2
665,PLAYER 1,104,green,3,1,1
665,PLAYER 2,60,red,2,0,2
666,PLAYER 1,61,green,3,0,1
666,PLAYER 2,101,red,3,1,2
667,PLAYER 1,114,green,4,1,1
667,PLAYER 2,83,red,3,0,2
668,PLAYER 1,81,green,4,0,1
668,PLAYER 2,101,red,4,1,2
669,PLAYER 1,103,green,4,1,1
669,PLAYER 2,52,red,3,0,2
670,PLAYER 1,86,green,4,0,1
670,PLAYER 2,119,red,4,1,2
671,PLAYER 1,100,green,5,1,1
671,PLAYER 2,92,red,4,0,2
672,PLAYER 1,109,green,4,1,1
672,PLAYER 2,62,red,3,0,2
673,PLAYER 1,105,green,3,1,1
673,PLAYER 2,48,red,2,0,2
674,PLAYER 1,108,green,3,1,1
674,PLAYER 2,33,red,2,0,2
675,PLAYER 1,92,green,4,0,1
675,PLAYER 2,100,red,4,1,2
676,PLAYER 1,116,green,5,1,1
676,PLAYER 2,84,red,4,0,2
677,PLAYER 1,91,green,4,0,1
677,PLAYER 2,104,red,4,1,2
678,PLAYER 1,104,green,3,1,1
678,PLAYER 2,58,red,2,0,2
679,PLAYER 1,108,green,4,1,1
679,PLAYER 2,82,red,3,0,2
680,PLAYER 1,100,green,4,1,1
680,PLAYER 2,85,red,3,0,2
681,PLAYER 1,94,green,4,0,1
681,PLAYER 2,105,red,4,1,2
682,PLAYER 1,106,green,4,1,1
682,PLAYER 2,69,red,3,0,2
683,PLAYER 1,106,green,5,1,1
683,PLAYER 2,95,red,4,0,2
684,PLAYER 1,107,green,5,1,1
684,PLAYER 2,77,red,4,0,2
685,PLAYER 1,106,green,4,1,1
685,PLAYER 2,71,red,3,0,2
686,PLAYER 1,113,green,4,1,1
686,PLAYER 2,92,red,3,0,2
687,PLAYER 1,93,green,4,0,1
687,PLAYER 2,109,red,4,1,2
688,PLAYER 1,101,green,4,1,1
688,PLAYER 2,69,red,3,0,2
689,PLAYER 1,106,green,4,1,1
689,PLAYER 2,76,red,3,0,2
690,PLAYER 1,107,green,4,1,1
690,PLAYER 2,83,red,3,0,2
691,PLAYER 1,103,green,5,1,1
691,PLAYER 2,71,red,4,0,2
692,PLAYER 1,102,green,4,1,1
692,PLAYER 2,68,red,3,0,2
693,PLAYER 1,93,green,4,0,1
693,PLAYER 2,108,red,4,1,2
694,PLAYER 1,81,green,4,0,1
694,PLAYER 2,108,red,4,1,2
695,PLAYER 1,96,green,4,0,1
695,PLAYER 2,102,red,4,1,2
696,PLAYER 1,116,green,3,1,1
696,PLAYER 2,46,red,2,0,2
697,PLAYER 1,68,green,4,0,1
697,PLAYER 2,104,red,4,1,2
698,PLAYER 1,122,green,4,1,1
698,PLAYER 2,91,red,3,0,2
699,PLAYER 1,104,green,4,1,1
699,PLAYER 2,88,red,3,0,2
700,PLAYER 1,118,green,4,1,1
700,PLAYER 2,83,red,3,0,2
701,PLAYER 1,84,green,3,0,1
701,PLAYER 2,102,red,3,1,2
702,PLAYER 1,83,green,4,0,1
702,PLAYER 2,128,red,4,1,2
703,PLAYER 1,118,green,4,1,1
703,PLAYER 2,87,red,3,0,2
704,PLAYER 1,108,green,4,1,1
704,PLAYER 2,46,red,3,0,2
705,PLAYER 1,99,green,5,0,1
705,PLAYER 2,103,red,5,1,2
706,PLAYER 1,103,green,4,1,1
706,PLAYER 2,88,red,3,0,2
707,PLAYER 1,101,green,4,1,1
707,PLAYER 2,82,red,3,0,2
708,PLAYER 1,117,green,4,1,1
708,PLAYER 2,70,red,3,0,2
709,PLAYER 1,85,green,4,0,1
709,PLAYER 2,113,red,4,1,2
710,PLAYER 1,112,green,4,1,1
710,PLAYER 2,81,red,3,0,2
711,PLAYER 1,114,green,4,1,1
711,PLAYER 2,90,red,3,0,2
712,PLAYER 1,85,green,4,0,1
712,PLAYER 2,106,red,4,1,2
713,PLAYER 1,102,green,4,1,1
713,PLAYER 2,80,red,3,0,2
714,PLAYER 1,107,green,5,1,1
714,PLAYER 2,91,red,4,0,2
715,PLAYER 1,93,green,4,0,1
715,PLAYER 2,114,red,4,1,2
716,PLAYER 1,80,green,3,0,1
716,PLAYER 2,102,red,3,1,2
717,PLAYER 1,73,green,3,0,1
717,PLAYER 2,104,red,3,1,2
718,PLAYER 1,126,green,5,1,1
718,PLAYER 2,99,red,4,0,2
719,PLAYER 1,104,green,4,1,1
719,PLAYER 2,69,red,3,0,2
720,PLAYER 1,92,green,3,0,1
720,PLAYER 2,102,red,3,1,2
721,PLAYER 1,128,green,5,1,1
721,PLAYER 2,87,red,4,0,2
722,PLAYER 1,105,green,4,1,1
722,PLAYER 2,87,red,3,0,2
723,PLAYER 1,75,green,4,0,1
723,PLAYER 2,122,red,4,1,2
724,PLAYER 1,109,green,4,1,1
724,PLAYER 2,57,red,3,0,2
725,PLAYER 1,101,green,5,1,1
725,PLAYER 2,90,red,4,0,2
726,PLAYER 1,83,green,3,0,1
726,PLAYER 2,101,red,3,1,2
727,PLAYER 1,118,green,5,1,1
727,PLAYER 2,90,red,4,0,2
728,PLAYER 1,87,green,4,0,1
728,PLAYER 2,105,red,4,1,2
729,PLAYER 1,115,green,4,1,1
729,PLAYER 2,71,red,3,0,2
730,PLAYER 1,101,green,4,1,1
730,PLAYER 2,84,red,3,0,2
731,PLAYER 1,100,green,4,1,1
731,PLAYER 2,76,red,3,0,2
732,PLAYER 1,104,green,4,1,1
732,PLAYER 2,55,red,3,0,2
733,PLAYER 1,89,green,4,0,1
733,PLAYER 2,102,red,4,1,2
734,PLAYER 1,104,green,4,1,1
734,PLAYER 2,52,red,3,0,2
735,PLAYER 1,77,green,3,0,1
735,PLAYER 2,108,red,3,1,2
736,PLAYER 1,118,green,4,1,1
736,PLAYER 2,71,red,3,0,2
737,PLAYER 1,108,green,4,1,1
737,PLAYER 2,92,red,3,0,2
738,PLAYER 1,96,green,4,0,1
738,PLAYER 2,100,red,4,1,2
739,PLAYER 1,86,green,4,0,1
739,PLAYER 2,110,red,4,1,2
740,PLAYER 1,97,green,5,0,1
740,PLAYER 2,118,red,5,1,2
741,PLAYER 1,110,green,4,1,1
741,PLAYER 2,72,red,3,0,2
742,PLAYER 1,127,green,4,1,1
742,PLAYER 2,92,red,3,0,2
743,PLAYER 1,103,green,4,1,1
743,PLAYER 2,63,red,3,0,2
744,PLAYER 1,106,green,5,1,1
744,PLAYER 2,95,red,4,0,2
745,PLAYER 1,109,green,5,1,1
745,PLAYER 2,91,red,4,0,2
746,PLAYER 1,100,green,5,1,1
746,PLAYER 2,92,red,4,0,2
747,PLAYER 1,108,green,4,1,1
747,PLAYER 2,78,red,3,0,2
748,PLAYER 1,107,green,4,1,1
748,PLAYER 2,91,red,3,0,2
749,PLAYER 1,82,green,4,0,1
749,PLAYER 2,116,red,4,1,2
750,PLAYER 1,105,green,5,1,1
750,PLAYER 2,77,red,4,0,2
751,PLAYER 1,70,green,3,0,1
751,PLAYER 2,109,red,3,1,2
752,PLAYER 1,118,green,4,1,1
752,PLAYER 2,81,red,3,0,2
753,PLAYER 1,119,green,4,1,1
753,PLAYER 2,64,red,3,0,2
754,PLAYER 1,103,green,4,1,1
754,PLAYER 2,65,red,3,0,2
755,PLAYER 1,100,green,4,1,1
755,PLAYER 2,75,red,3,0,2
756,PLAYER 1,105,green,4,1,1
756,PLAYER 2,97,red,3,0,2
757,PLAYER 1,100,green,3,1,1
757,PLAYER 2,45,red,2,0,2
758,PLAYER 1,103,green,5,1,1
758,PLAYER 2,98,red,4,0,2
759,PLAYER 1,104,green,4,1,1
759,PLAYER 2,79,red,3,0,2
760,PLAYER 1,105,green,4,1,1
760,PLAYER 2,63,red,3,0,2
761,PLAYER 1,122,green,4,1,1
761,PLAYER 2,46,red,3,0,2
762,PLAYER 1,87,green,4,0,1
762,PLAYER 2,102,red,4,1,2
763,PLAYER 1,90,green,4,0,1
763,PLAYER 2,109,red,4,1,2
764,PLAYER 1,109,green,4,1,1
764,PLAYER 2,76,red,3,0,2
765,PLAYER 1,109,green,4,1,1
765,PLAYER 2,85,red,3,0,2
766,PLAYER 1,86,green,4,0,1
766,PLAYER 2,113,red,4,1,2
767,PLAYER 1,78,green,4,0,1
767,PLAYER 2,116,red,4,1,2
768,PLAYER 1,82,green,4,0,1
768,PLAYER 2,115,red,4,1,2
769,PLAYER 1,103,green,5,1,1
769,PLAYER 2,94,red,4,0,2
770,PLAYER 1,95,green,4,0,1
770,PLAYER 2,108,red,4,1,2
771,PLAYER 1,95,green,3,0,1
771,PLAYER 2,103,red,3,1,2
772,PLAYER 1,67,green,3,0,1
772,PLAYER 2,105,red,3,1,2
773,PLAYER 1,90,green,4,0,1
773,PLAYER 2,100,red,4,1,2
774,PLAYER 1,92,green,4,0,1
774,PLAYER 2,109,red,4,1,2
775,PLAYER 1,80,green,4,0,1
775,PLAYER 2,103,red,4,1,2
776,PLAYER 1,105,green,5,1,1
776,PLAYER 2,94,red,4,0,2
777,PLAYER 1,114,green,4,1,1
777,PLAYER 2,73,red,3,0,2
778,PLAYER 1,101,green,4,1,1
778,PLAYER 2,80,red,3,0,2
779,PLAYER 1,104,green,5,1,1
779,PLAYER 2,83,red,4,0,2
780,PLAYER 1,116,green,5,1,1
780,PLAYER 2,88,red,4,0,2
781,PLAYER 1,104,green,4,1,1
781,PLAYER 2,73,red,3,0,2
782,PLAYER 1,106,green,5,1,1
782,PLAYER 2,76,red,4,0,2
783,PLAYER 1,105,green,4,1,1
783,PLAYER 2,52,red,3,0,2
784,PLAYER 1,125,green,4,1,1
784,PLAYER 2,84,red,3,0,2
785,PLAYER 1,109,green,4,1,1
785,PLAYER 2,98,red,3,0,2
786,PLAYER 1,111,green,4,1,1
786,PLAYER 2,94,red,3,0,2
787,PLAYER 1,105,green,3,1,1
787,PLAYER 2,49,red,2,0,2
788,PLAYER 1,73,green,4,0,1
788,PLAYER 2,121,red,4,1,2
789,PLAYER 1,85,green,3,0,1
789,PLAYER 2,107,red,3,1,2
790,PLAYER 1,76,green,4,0,1
790,PLAYER 2,116,red,4,1,2
791,PLAYER 1,100,green,4,1,1
791,PLAYER 2,87,red,3,0,2
792,PLAYER 1,127,green,4,1,1
792,PLAYER 2,90,red,3,0,2
793,PLAYER 1,89,green,4,0,1
793,PLAYER 2,129,red,4,1,2
794,PLAYER 1,118,green,5,1,1
794,PLAYER 2,93,red,4,0,2
795,PLAYER 1,91,green,4,0,1
795,PLAYER 2,114,red,4,1,2
796,PLAYER 1,105,green,4,1,1
796,PLAYER 2,95,red,3,0,2
797,PLAYER 1,76,green,4,0,1
797,PLAYER 2,123,red,4,1,2
798,PLAYER 1,93,green,4,0,1
798,PLAYER 2,100,red,4,1,2
799,PLAYER 1,88,green,4,0,1
799,PLAYER 2,101,red,4,1,2
800,PLAYER 1,117,green,4,1,1
800,PLAYER 2,95,red,3,0,2
801,PLAYER 1,99,green,4,0,1
801,PLAYER 2,107,red,4,1,2
802,PLAYER 1,98,green,6,0,1
802,PLAYER 2,107,red,6,1,2
803,PLAYER 1,112,green,4,1,1
803,PLAYER 2,82,red,3,0,2
804,PLAYER 1,104,green,4,1,1
804,PLAYER 2,62,red,3,0,2
805,PLAYER 1,115,green,5,1,1
805,PLAYER 2,84,red,4,0,2
806,PLAYER 1,114,green,4,1,1
806,PLAYER 2,87,red,3,0,2
807,PLAYER 1,103,green,3,1,1
807,PLAYER 2,56,red,2,0,2
808,PLAYER 1,112,green,4,1,1
808,PLAYER 2,97,red,3,0,2
809,PLAYER 1,121,green,4,1,1
809,PLAYER 2,62,red,3,0,2
810,PLAYER 1,96,green,4,0,1
810,PLAYER 2,102,red,4,1,2
811,PLAYER 1,120,green,5,1,1
811,PLAYER 2,94,red,4,0,2
812,PLAYER 1,117,green,4,1,1
812,PLAYER 2,65,red,3,0,2
813,PLAYER 1,87,green,4,0,1
813,PLAYER 2,105,red,4,1,2
814,PLAYER 1,102,green,3,1,1
814,PLAYER 2,41,red,2,0,2
815,PLAYER 1,117,green,4,1,1
815,PLAYER 2,77,red,3,0,2
816,PLAYER 1,104,green,4,1,1
816,PLAYER 2,64,red,3,0,2
817,PLAYER 1,99,green,4,0,1
817,PLAYER 2,103,red,4,1,2
818,PLAYER 1,50,green,3,0,1
818,PLAYER 2,110,red,3,1,2
819,PLAYER 1,102,green,5,1,1
819,PLAYER 2,85,red,4,0,2
820,PLAYER 1,94,green,4,0,1
820,PLAYER 2,123,red,4,1,2
821,PLAYER 1,115,green,4,1,1
821,PLAYER 2,54,red,3,0,2
822,PLAYER 1,100,green,4,1,1
822,PLAYER 2,91,red,3,0,2
823,PLAYER 1,83,green,4,0,1
823,PLAYER 2,116,red,4,1,2
824,PLAYER 1,87,green,4,0,1
824,PLAYER 2,101,red,4,1,2
825,PLAYER 1,105,green,4,1,1
825,PLAYER 2,62,red,3,0,2
826,PLAYER 1,98,green,4,0,1
826,PLAYER 2,108,red,4,1,2
827,PLAYER 1,101,green,4,1,1
827,PLAYER 2,76,red,3,0,2
828,PLAYER 1,111,green,3,1,1
828,PLAYER 2,36,red,2,0,2
829,PLAYER 1,77,green,3,0,1
829,PLAYER 2,102,red,3,1,2
830,PLAYER 1,82,green,3,0,1
830,PLAYER 2,101,red,3,1,2
831,PLAYER 1,109,green,4,1,1
831,PLAYER 2,95,red,3,0,2
832,PLAYER 1,106,green,4,1,1
832,PLAYER 2,72,red,3,0,2
833,PLAYER 1,107,green,4,1,1
833,PLAYER 2,69,red,3,0,2
834,PLAYER 1,72,green,3,0,1
834,PLAYER 2,100,red,3,1,2
835,PLAYER 1,103,green,5,1,1
835,PLAYER 2,79,red,4,0,2
836,PLAYER 1,104,green,4,1,1
836,PLAYER 2,92,red,3,0,2
837,PLAYER 1,91,green,4,0,1
837,PLAYER 2,104,red,4,1,2
838,PLAYER 1,114,green,4,1,1
838,PLAYER 2,92,red,3,0,2
839,PLAYER 1,70,green,3,0,1
839,PLAYER 2,111,red,3,1,2
840,PLAYER 1,88,green,4,0,1
840,PLAYER 2,101,red,4,1,2
841,PLAYER 1,99,green,3,0,1
841,PLAYER 2,110,red,3,1,2
842,PLAYER 1,120,green,5,1,1
842,PLAYER 2,98,red,4,0,2
843,PLAYER 1,90,green,4,0,1
843,PLAYER 2,101,red,4,1,2
844,PLAYER 1,104,green,4,1,1
844,PLAYER 2,84,red,3,0,2
845,PLAYER 1,114,green,4,1,1
845,PLAYER 2,75,red,3,0,2
846,PLAYER 1,115,green,5,1,1
846,PLAYER 2,74,red,4,0,2
847,PLAYER 1,104,green,4,1,1
847,PLAYER 2,77,red,3,0,2
848,PLAYER 1,90,green,4,0,1
848,PLAYER 2,104,red,4,1,2
849,PLAYER 1,124,green,4,1,1
849,PLAYER 2,89,red,3,0,2
850,PLAYER 1,124,green,5,1,1
850,PLAYER 2,93,red,4,0,2
851,PLAYER 1,111,green,4,1,1
851,PLAYER 2,62,red,3,0,2
852,PLAYER 1,103,green,5,1,1
852,PLAYER 2,81,red,4,0,2
853,PLAYER 1,112,green,4,1,1
853,PLAYER 2,59,red,3,0,2
854,PLAYER 1,88,green,4,0,1
854,PLAYER 2,100,red,4,1,2
855,PLAYER 1,103,green,4,1,1
855,PLAYER 2,81,red,3,0,2
856,PLAYER 1,108,green,4,1,1
856,PLAYER 2,58,red,3,0,2
857,PLAYER 1,101,green,5,1,1
857,PLAYER 2,81,red,4,0,2
858,PLAYER 1,106,green,4,1,1
858,PLAYER 2,81,red,3,0,2
859,PLAYER 1,118,green,4,1,1
859,PLAYER 2,95,red,3,0,2
860,PLAYER 1,104,green,4,1,1
860,PLAYER 2,71,red,3,0,2
861,PLAYER 1,107,green,5,1,1
861,PLAYER 2,85,red,4,0,2
862,PLAYER 1,91,green,4,0,1
862,PLAYER 2,101,red,4,1,2
863,PLAYER 1,104,green,4,1,1
863,PLAYER 2,70,red,3,0,2
864,PLAYER 1,118,green,4,1,1
864,PLAYER 2,62,red,3,0,2
865,PLAYER 1,111,green,4,1,1
865,PLAYER 2,66,red,3,0,2
866,PLAYER 1,110,green,5,1,1
866,PLAYER 2,88,red,4,0,2
867,PLAYER 1,119,green,4,1,1
867,PLAYER 2,85,red,3,0,2
868,PLAYER 1,101,green,4,1,1
868,PLAYER 2,61,red,3,0,2
869,PLAYER 1,126,green,4,1,1
869,PLAYER 2,84,red,3,0,2
870,PLAYER 1,101,green,4,1,1
870,PLAYER 2,77,red,3,0,2
871,PLAYER 1,80,green,4,0,1
871,PLAYER 2,108,red,4,1,2
872,PLAYER 1,109,green,4,1,1
872,PLAYER 2,80,red,3,0,2
873,PLAYER 1,104,green,4,1,1
873,PLAYER 2,68,red,3,0,2
874,PLAYER 1,77,green,3,0,1
874,PLAYER 2,101,red,3,1,2
875,PLAYER 1,77,green,4,0,1
875,PLAYER 2,127,red,4,1,2
876,PLAYER 1,114,green,5,1,1
876,PLAYER 2,98,red,4,0,2
877,PLAYER 1,113,green,4,1,1
877,PLAYER 2,51,red,3,0,2
878,PLAYER 1,85,green,4,0,1
878,PLAYER 2,109,red,4,1,2
879,PLAYER 1,101,green,4,1,1
879,PLAYER 2,69,red,3,0,2
880,PLAYER 1,103,green,5,1,1
880,PLAYER 2,80,red,4,0,2
881,PLAYER 1,100,green,4,1,1
881,PLAYER 2,90,red,3,0,2
882,PLAYER 1,98,green,4,0,1
882,PLAYER 2,124,red,4,1,2
883,PLAYER 1,109,green,4,1,1
883,PLAYER 2,77,red,3,0,2
884,PLAYER 1,113,green,4,1,1
884,PLAYER 2,62,red,3,0,2
885,PLAYER 1,94,green,4,0,1
885,PLAYER 2,106,red,4,1,2
886,PLAYER 1,122,green,4,1,1
886,PLAYER 2,72,red,3,0,2
887,PLAYER 1,100,green,4,1,1
887,PLAYER 2,60,red,3,0,2
888,PLAYER 1,83,green,4,0,1
888,PLAYER 2,101,red,4,1,2
889,PLAYER 1,102,green,3,1,1
889,PLAYER 2,67,red,2,0,2
890,PLAYER 1,119,green,4,1,1
890,PLAYER 2,86,red,3,0,2
891,PLAYER 1,67,green,4,0,1
891,PLAYER 2,104,red,4,1,2
892,PLAYER 1,123,green,5,1,1
892,PLAYER 2,93,red,4,0,2
893,PLAYER 1,102,green,4,1,1
893,PLAYER 2,91,red,3,0,2
894,PLAYER 1,109,green,5,1,1
894,PLAYER 2,76,red,4,0,2
895,PLAYER 1,124,green,5,1,1
895,PLAYER 2,91,red,4,0,2
896,PLAYER 1,97,green,4,0,1
896,PLAYER 2,108,red,4,1,2
897,PLAYER 1,104,green,3,1,1
897,PLAYER 2,66,red,2,0,2
898,PLAYER 1,80,green,4,0,1
898,PLAYER 2,101,red,4,1,2
899,PLAYER 1,120,green,4,1,1
899,PLAYER 2,87,red,3,0,2
900,PLAYER 1,94,green,4,0,1
900,PLAYER 2,109,red,4,1,2
901,PLAYER 1,118,green,4,1,1
901,PLAYER 2,80,red,3,0,2
902,PLAYER 1,77,green,4,0,1
902,PLAYER 2,106,red,4,1,2
903,PLAYER 1,105,green,5,1,1
903,PLAYER 2,85,red,4,0,2
904,PLAYER 1,99,green,4,0,1
904,PLAYER 2,115,red,4,1,2
905,PLAYER 1,78,green,4,0,1
905,PLAYER 2,106,red,4,1,2
906,PLAYER 1,93,green,4,0,1
906,PLAYER 2,116,red,4,1,2
907,PLAYER 1,103,green,4,1,1
907,PLAYER 2,81,red,3,0,2
908,PLAYER 1,101,green,4,1,1
908,PLAYER 2,91,red,3,0,2
909,PLAYER 1,120,green,5,1,1
909,PLAYER 2,93,red,4,0,2
910,PLAYER 1,100,green,4,1,1
910,PLAYER 2,88,red,3,0,2
911,PLAYER 1,105,green,4,1,1
911,PLAYER 2,66,red,3,0,2
912,PLAYER 1,113,green,4,1,1
912,PLAYER 2,64,red,3,0,2
913,PLAYER 1,115,green,4,1,1
913,PLAYER 2,82,red,3,0,2
914,PLAYER 1,104,green,5,1,1
914,PLAYER 2,93,red,4,0,2
915,PLAYER 1,103,green,4,1,1
915,PLAYER 2,77,red,3,0,2
916,PLAYER 1,107,green,4,1,1
916,PLAYER 2,64,red,3,0,2
917,PLAYER 1,85,green,4,0,1
917,PLAYER 2,122,red,4,1,2
918,PLAYER 1,53,green,3,0,1
918,PLAYER 2,103,red,3,1,2
919,PLAYER 1,118,green,4,1,1
919,PLAYER 2,60,red,3,0,2
920,PLAYER 1,88,green,4,0,1
920,PLAYER 2,106,red,4,1,2
921,PLAYER 1,109,green,4,1,1
921,PLAYER 2,67,red,3,0,2
922,PLAYER 1,105,green,4,1,1
922,PLAYER 2,46,red,3,0,2
923,PLAYER 1,114,green,4,1,1
923,PLAYER 2,68,red,3,0,2
924,PLAYER 1,122,green,4,1,1
924,PLAYER 2,94,red,3,0,2
925,PLAYER 1,106,green,4,1,1
925,PLAYER 2,68,red,3,0,2
926,PLAYER 1,105,green,4,1,1
926,PLAYER 2,89,red,3,0,2
927,PLAYER 1,101,green,4,1,1
927,PLAYER 2,88,red,3,0,2
928,PLAYER 1,111,green,4,1,1
928,PLAYER 2,88,red,3,0,2
929,PLAYER 1,115,green,4,1,1
929,PLAYER 2,70,red,3,0,2
930,PLAYER 1,110,green,4,1,1
930,PLAYER 2,81,red,3,0,2
931,PLAYER 1,102,green,4,1,1
931,PLAYER 2,64,red,3,0,2
932,PLAYER 1,102,green,4,1,1
932,PLAYER 2,86,red,3,0,2
933,PLAYER 1,108,green,4,1,1
933,PLAYER 2,84,red,3,0,2
934,PLAYER 1,109,green,4,1,1
934,PLAYER 2,61,red,3,0,2
935,PLAYER 1,104,green,4,1,1
935,PLAYER 2,61,red,3,0,2
936,PLAYER 1,66,green,3,0,1
936,PLAYER 2,101,red,3,1,2
937,PLAYER 1,105,green,5,1,1
937,PLAYER 2,72,red,4,0,2
938,PLAYER 1,115,green,4,1,1
938,PLAYER 2,88,red,3,0,2
939,PLAYER 1,103,green,5,1,1
939,PLAYER 2,95,red,4,0,2
940,PLAYER 1,104,green,4,1,1
940,PLAYER 2,98,red,3,0,2
941,PLAYER 1,104,green,5,1,1
941,PLAYER 2,95,red,4,0,2
942,PLAYER 1,90,green,4,0,1
942,PLAYER 2,100,red,4,1,2
943,PLAYER 1,115,green,4,1,1
943,PLAYER 2,85,red,3,0,2
944,PLAYER 1,64,green,4,0,1
944,PLAYER 2,112,red,4,1,2
945,PLAYER 1,102,green,5,1,1
945,PLAYER 2,89,red,4,0,2
946,PLAYER 1,89,green,4,0,1
946,PLAYER 2,105,red,4,1,2
947,PLAYER 1,100,green,4,1,1
947,PLAYER 2,92,red,3,0,2
948,PLAYER 1,102,green,4,1,1
948,PLAYER 2,81,red,3,0,2
949,PLAYER 1,105,green,4,1,1
949,PLAYER 2,89,red,3,0,2
950,PLAYER 1,93,green,3,0,1
950,PLAYER 2,101,red,3,1,2
951,PLAYER 1,86,green,4,0,1
951,PLAYER 2,116,red,4,1,2
952,PLAYER 1,115,green,4,1,1
952,PLAYER 2,69,red,3,0,2
953,PLAYER 1,107,green,4,1,1
953,PLAYER 2,77,red,3,0,2
954,PLAYER 1,70,green,4,0,1
954,PLAYER 2,116,red,4,1,2
955,PLAYER 1,111,green,4,1,1
955,PLAYER 2,90,red,3,0,2
956,PLAYER 1,103,green,5,1,1
956,PLAYER 2,96,red,4,0,2
957,PLAYER 1,98,green,4,0,1
957,PLAYER 2,103,red,4,1,2
958,PLAYER 1,110,green,5,1,1
958,PLAYER 2,94,red,4,0,2
959,PLAYER 1,128,green,4,1,1
959,PLAYER 2,81,red,3,0,2
960,PLAYER 1,98,green,4,0,1
960,PLAYER 2,101,red,4,1,2
961,PLAYER 1,86,green,4,0,1
961,PLAYER 2,105,red,4,1,2
962,PLAYER 1,102,green,4,1,1
962,PLAYER 2,64,red,3,0,2
963,PLAYER 1,95,green,4,0,1
963,PLAYER 2,114,red,4,1,2
964,PLAYER 1,104,green,4,1,1
964,PLAYER 2,61,red,3,0,2
965,PLAYER 1,89,green,4,0,1
965,PLAYER 2,103,red,4,1,2
966,PLAYER 1,103,green,4,1,1
966,PLAYER 2,80,red,3,0,2
967,PLAYER 1,125,green,5,1,1
967,PLAYER 2,84,red,4,0,2
968,PLAYER 1,101,green,4,1,1
968,PLAYER 2,79,red,3,0,2
969,PLAYER 1,100,green,3,1,1
969,PLAYER 2,50,red,2,0,2
970,PLAYER 1,102,green,4,1,1
970,PLAYER 2,56,red,3,0,2
971,PLAYER 1,101,green,5,1,1
971,PLAYER 2,75,red,4,0,2
972,PLAYER 1,100,green,5,1,1
972,PLAYER 2,98,red,4,0,2
973,PLAYER 1,90,green,4,0,1
973,PLAYER 2,114,red,4,1,2
974,PLAYER 1,101,green,4,1,1
974,PLAYER 2,72,red,3,0,2
975,PLAYER 1,100,green,4,1,1
975,PLAYER 2,79,red,3,0,2
976,PLAYER 1,101,green,4,1,1
976,PLAYER 2,89,red,3,0,2
977,PLAYER 1,101,green,3,1,1
977,PLAYER 2,42,red,2,0,2
978,PLAYER 1,103,green,5,1,1
978,PLAYER 2,85,red,4,0,2
979,PLAYER 1,109,green,4,1,1
979,PLAYER 2,73,red,3,0,2
980,PLAYER 1,87,green,4,0,1
980,PLAYER 2,107,red,4,1,2
981,PLAYER 1,101,green,4,1,1
981,PLAYER 2,75,red,3,0,2
982,PLAYER 1,118,green,4,1,1
982,PLAYER 2,67,red,3,0,2
983,PLAYER 1,110,green,4,1,1
983,PLAYER 2,72,red,3,0,2
984,PLAYER 1,103,green,5,1,1
984,PLAYER 2,97,red,4,0,2
985,PLAYER 1,107,green,4,1,1
985,PLAYER 2,75,red,3,0,2
986,PLAYER 1,101,green,3,1,1
986,PLAYER 2,33,red,2,0,2
987,PLAYER 1,117,green,4,1,1
987,PLAYER 2,94,red,3,0,2
988,PLAYER 1,101,green,4,1,1
988,PLAYER 2,96,red,3,0,2
989,PLAYER 1,106,green,4,1,1
989,PLAYER 2,73,red,3,0,2
990,PLAYER 1,88,green,4,0,1
990,PLAYER 2,106,red,4,1,2
991,PLAYER 1,101,green,5,1,1
991,PLAYER 2,92,red,4,0,2
992,PLAYER 1,117,green,4,1,1
992,PLAYER 2,84,red,3,0,2
993,PLAYER 1,122,green,4,1,1
993,PLAYER 2,61,red,3,0,2
994,PLAYER 1,65,green,3,0,1
994,PLAYER 2,102,red,3,1,2
995,PLAYER 1,101,green,4,1,1
995,PLAYER 2,95,red,3,0,2
996,PLAYER 1,106,green,4,1,1
996,PLAYER 2,65,red,3,0,2
997,PLAYER 1,100,green,3,1,1
997,PLAYER 2,44,red,2,0,2
998,PLAYER 1,93,green,4,0,1
998,PLAYER 2,115,red,4,1,2
999,PLAYER 1,104,green,3,1,1
999,PLAYER 2,54,red,2,0,2
